,company_name
0,국민건강보험공단
1,근로복지공단
2,농협은행
3,현대카드
4,중소기업은행
5,국민연금공단
6,현대캐피탈
7,국민은행
8,삼성생명보험
9,신한은행
10,우리은행
11,신용보증기금
12,한화생명보험
13,한국스탠다드차타드은행
14,하나은행
15,삼성화재해상보험
16,웰컴저축은행
17,메리츠화재해상보험
18,교보생명보험
19,롯데카드
20,한국투자증권
21,한국산업은행
22,삼성카드
23,한국자산관리공사
24,비씨카드
25,키움증권
26,서울보증보험
27,삼성증권
28,농업협동조합중앙회
29,삼성카드고객서비스
30,미래에셋대우
31,한국주택금융공사
32,삼성생명서비스손해사정
33,현대해상화재보험
34,케이비손해사정
35,오케이저축은행
36,대신증권
37,신한카드
38,라이나생명보험
39,한국수출입은행
40,모아저축은행
41,메트라이프생명보험
42,한국씨티은행
43,현대커머셜
44,현대하이라이프손해사정
45,롯데손해보험
46,한화손해보험
47,기술보증기금
48,한화손해사정
49,악사손해보험
50,흥국생명보험
51,다스카손해사정화재해상
52,산와대부
53,케이비국민카드
54,공무원연금공단
55,에이원손해사정
56,유안타증권
57,삼성화재애니카손해사정
58,로카모빌리티
59,하나캐피탈
60,신영증권
61,대구은행
62,케이비캐피탈
63,한화투자증권
64,흥국화재해상보험
65,미래에셋생명보험
66,카카오페이
67,경남은행
68,인카금융서비스
69,수산업협동조합중앙회
70,에즈금융서비스
71,부산은행
72,광주은행
73,웰컴크레디라인대부
74,고려신용정보
75,한국투자저축은행
76,엔에이치농협캐피탈
77,롯데캐피탈
78,한국무역보험공사
79,우리카드
80,신용협동조합중앙회
81,신한생명보험
82,제이비우리캐피탈
83,케이디비생명보험
84,동양생명보험
85,유진투자증권
86,농협생명보험
87,에이플러스에셋어드바이저
88,제이티친애저축은행
89,아프로파이낸셜대부
90,예금보험공사
91,비엠더블유파이낸셜서비스코리아
92,프라임에셋
93,에이비엘생명보험
94,메르세데스벤츠파이낸셜서비스코리아
95,오릭스캐피탈코리아
96,페퍼저축은행
97,신한저축은행
98,디비생명보험
99,한국벤처투자
100,에이아이지손해보험
101,핀크
102,디비씨에이에스손해사정
103,미래에셋자산운용
104,현대차증권
105,애큐온캐피탈
106,유화증권
107,에스케이증권
108,이베스트투자증권
109,새마을금고중앙회
110,아이비케이투자증권
111,한국거래소
112,전북은행
113,농협손해보험
114,한국예탁결제원
115,브이피
116,한패스
117,바로크레디트대부
118,글로벌금융판매
119,현대하이카손해사정
120,아이비케이캐피탈
121,한국예술인복지재단
122,한국토지주택공사
123,한전KPS
124,대우건설
125,지에스건설
126,에스케이에코플랜트
127,주택관리공단
128,한국도로공사
129,롯데건설
130,국보디자인
131,한국가스기술공사
132,보미건설
133,수산인더스트리
134,한양이엔지
135,휴먼터치
136,금화피에스시
137,부영주택
138,호반건설
139,코오롱글로벌
140,한화건설
141,케이씨씨건설
142,대방건설
143,한신공영
144,케이알산업
145,계룡건설산업
146,희림종합건축사사무소
147,유신
148,에스지씨이테크건설
149,아이에스동서
150,세보엠이씨
151,코레일테크
152,한국종합기술
153,한국산업단지공단
154,서한
155,다원앤컴퍼니
156,해안종합건축사사무소
157,한솔이엠이
158,동해종합기술공사
159,교보리얼코
160,두산건설
161,쌍용건설
162,삼호개발
163,동부건설
164,한양
165,브니엘네이처
166,선진엔지니어링종합건축사사무소
167,수성엔지니어링
168,동일기술공사
169,존스랑라살
170,케이지엔지니어링종합건축사사무소
171,지에스네오텍
172,존슨콘트롤즈인터내셔널코리아
173,제일건설
174,정림건축종합건축사사무소
175,디엘건설
176,듀어코리아
177,금성백조주택
178,대혜건축
179,제일엔지니어링종합건축사사무소
180,포스코플랜텍
181,한방유비스
182,은민에스엔디
183,경호엔지니어링종합건축사사무소
184,대우조선해양건설
185,계선
186,두양건축
187,두원이에프씨
188,행림종합건축사사무소
189,한미글로벌건축사사무소
190,건일엠이씨
191,간삼건축종합건축사사무소
192,이웨이
193,서해종합건설
194,대우산업개발
195,삼원에스앤디
196,타워피엠씨
197,동일인테리어
198,신보
199,동광제약
200,서울데이타통신
201,세아네트웍스
202,엠에이피한터인종합건축사사무소
203,성창이엔씨
204,쿠팡
205,씨제이올리브영
206,에프알엘코리아
207,이마트
208,한국철도공사
209,홈플러스
210,비지에프리테일
211,씨제이대한통운
212,현대백화점
213,코리아세븐
214,교원
215,이랜드리테일
216,대한항공
217,자라리테일코리아
218,아성다이소
219,롯데하이마트
220,하이프라자
221,에어코리아
222,이디야
223,서브원
224,씨제이프레시웨이
225,삼성전자판매
226,현대그린푸드
227,데상트코리아
228,에이치앤엠헤네스앤모리츠
229,이마트에브리데이
230,아시아나항공
231,부루벨코리아
232,한국미니스톱
233,엘엑스판토스
234,케이티엠앤에스
235,신세계인터내셔날
236,교보문고
237,컬리
238,코스트코코리아
239,우리홈쇼핑
240,제너시스비비큐
241,현대홈쇼핑
242,한진
243,현대글로비스
244,씨제이이엔엠 오쇼핑부문
245,스위스포트코리아
246,지에스홈쇼핑
247,지씨바이오
248,샤프에비에이션케이
249,한국필립모리스
250,디에이치엘코리아
251,동원홈푸드
252,경동물류
253,러쉬코리아
254,무인양품
255,풀무원식품
256,에이비씨마트코리아
257,탐앤탐스
258,지멘스
259,스타럭스
260,제주항공
261,피에스앤마케팅
262,한국쓰리엠
263,그린스토어
264,한국암웨이
265,에스에스지닷컴
266,제로투세븐
267,에이치엠엠
268,텐바이텐
269,쉥커코리아
270,엔에스쇼핑
271,대성산업
272,포스코인터내셔널
273,컴퓨존
274,엠티콜렉션
275,에이랜드
276,한국에스엠씨
277,한국화이자제약
278,아가방앤컴퍼니
279,부산교통공사
280,비티지
281,삼성물산 상사부문
282,교보핫트랙스
283,트라이씨클
284,케이제이씨디스플레이코퍼레이션
285,이니스프리
286,카스
287,아이마켓코리아
288,비즈마켓
289,필립스코리아
290,한성자동차
291,스와치그룹코리아
292,진에어
293,비에스케이코퍼레이션
294,에이치디엑스
295,코닝정밀소재
296,올림푸스한국
297,브리티쉬아메리칸토바코코리아
298,클라우드나인마케팅
299,그린글로브라인
300,서원유통
301,에프앤디넷
302,엔터식스패션쇼핑몰
303,리드코프
304,홈앤쇼핑
305,아시아나에어포트
306,리치몬트코리아
307,뉴스킨코리아
308,한국미스미
309,메가마트
310,모나미
311,스킨푸드
312,한국공항공사
313,한국시세이도
314,알라딘커뮤니케이션
315,까사미아
316,한독모터스
317,아이에스이커머스
318,더본코리아
319,아이피엑스
320,익스피다이터스코리아
321,에스와이에스리테일
322,영원무역
323,SK네트웍스
324,초록마을
325,하나로티앤에스
326,디케이에스에이치코리아
327,룩옵틱스
328,용마로지스
329,코레일네트웍스
330,한세엠케이
331,크레텍책임
332,다비치안경체인
333,인천국제공항공사
334,한익스프레스
335,아름다운가게
336,영풍문고
337,메르세데스벤츠코리아
338,에스지세계물산
339,카버코리아
340,티웨이항공
341,서울문고
342,리앤풍한국
343,하이네켄코리아
344,혜인식품
345,비엠더블유코리아
346,롯데쇼핑
347,에어부산
348,한국머스크
349,올가홀푸드
350,인천교통공사
351,유피에스에스씨에스코리아
352,팬오션
353,한일후지코리아
354,태웅로직스
355,도이치모터스
356,중소기업유통센터
357,밀레코리아
358,이스트엔드
359,사노피아벤티스코리아
360,한국공항
361,키엔스코리아
362,오피스디포코리아
363,유니코로지스틱스
364,한국존슨앤드존슨메디칼
365,와우벤처스
366,대구백화점
367,우아한청년들
368,교촌에프앤비
369,바바리안모터스
370,슈나이더일렉트릭코리아
371,쥴릭파마코리아
372,소니코리아
373,한국엠에스디
374,이폴리움
375,리레코코리아
376,장금상선
377,한화갤러리아
378,롯데아사히주류
379,디에스브이에어앤씨
380,씨이오인터내셔널
381,디에이치엘글로벌포워딩코리아
382,칼자이스
383,한국팜비오
384,일룸
385,대원미디어
386,힐티코리아
387,씨티씨바이오
388,디에스이엔
389,케어캠프
390,풍림무약
391,젬백스링크
392,체리쉬
393,코레일유통
394,히타치하이테크코리아
395,뮬라
396,제이씨현시스템
397,메틀러토레도코리아
398,아이씨뱅큐
399,천일정기화물자동차
400,파나소닉디바이스세일즈코리아
401,한국애보트
402,한국에머슨프로세스매니지먼트
403,코리아이플랫폼
404,투쿨포스쿨
405,머크
406,케이지케미칼
407,뉴트리원
408,선진로지스틱스
409,디만트코리아
410,서영이앤티
411,버버리코리아
412,퀴네앤드나겔
413,더블유컨셉코리아
414,한국일본통운
415,자안그룹
416,에스엔패션그룹
417,롯데상사
418,포탈하이웨이
419,한국무라타전자
420,비기닝리테일
421,디자인벤처스
422,위본모터스
423,전자랜드
424,피피비스튜디오스
425,스와로브스키코리아
426,한국노바티스
427,디케이메디칼솔루션
428,한국알콘
429,대상베스트코
430,한국로슈진단
431,마카스
432,오아
433,한솔로지스틱스
434,아트라스콥코코리아
435,행복나래
436,휠라홀딩스
437,인터파크인터내셔널
438,STX
439,디엔컴퍼니
440,마녀공장
441,한국금거래소쓰리엠
442,더샘인터내셔날
443,오토앤
444,밀레에델바이스홀딩스
445,동성모터스
446,오픈갤러리
447,인터지스
448,동신툴피아
449,에어서울
450,한국허벌라이프
451,농협물류
452,사운드캣
453,크록스코리아
454,대원씨티에스
455,크리스챤디올꾸뛰르코리아
456,한국트럼프지엠비에이취
457,윈시스템즈
458,페르노리카코리아
459,한국에이브이엘
460,호전실업
461,진인프라
462,지에스글로벌
463,고려해운항공
464,인터파크큐브릿지
465,트리
466,제이티인터내셔널코리아
467,한국미쓰비시전기오토메이션
468,한국후지필름
469,삼천리자전거
470,신코
471,한국로지스풀
472,비엠케이리미티드
473,에스엠케이티앤아이
474,비브라운코리아
475,에스케이가스
476,마스타자동차관리
477,유센로지스틱스코리아
478,캐논코리아컨슈머이미징
479,한국아스텔라스제약
480,디에이치엘서플라이체인코리아
481,보쉬렉스로스코리아
482,서흥인터내셔날
483,루미가넷
484,박스터
485,세방익스프레스
486,세이브존
487,한국엔드레스하우저
488,혼다코리아
489,케이씨티시
490,프리미엄패스인터내셔널
491,고려해운
492,한국스트라이커
493,한국야스카와전기
494,더클래스효성
495,피플앤코
496,야마하뮤직코리아
497,태영상선
498,넥스트플레이어
499,우신라보타치
500,공항철도
501,복정제형
502,하니웰애널리틱스
503,아식스코리아
504,제때
505,솔리드이엔지
506,애터미
507,엔투비
508,제이더블유중외메디칼
509,한국아즈빌
510,올리브인터내셔널
511,펫프렌즈
512,한솔피엔에스
513,리테일앤인사이트
514,이상네트웍스
515,디에이치케이솔루션
516,온라인팜
517,페어콘라인
518,해커스 교육그룹
519,동화세상에듀코
520,에듀윌
521,메가스터디교육
522,대교
523,이투스교육
524,아발론교육
525,한국산업인력공단
526,한국과학기술원
527,파고다아카데미
528,디와이비최선어학원
529,에스제이더블유인터내셔널
530,멀티캠퍼스
531,메가엠디
532,해커스어학원
533,메가스터디
534,조선대학교
535,건국대학교
536,케이지에듀원
537,데이원컴퍼니
538,연세대학교
539,캐럿글로벌
540,월스트리트인스티튜트코리아
541,중앙대학교
542,와이비엠에듀
543,한국표준협회
544,와이비엠시사닷컴
545,좋은책신사고
546,아이지엠세계경영연구원
547,디쉐어
548,챔프스터디
549,정상제이엘에스
550,계명대학교
551,한솔요리학원
552,한남대학교
553,파고다에스씨에스
554,한국문화예술교육진흥원
555,숭실대학교
556,광주과학기술원
557,디지털대성
558,울산과학기술원
559,포항공과대학교
560,한국교육과정평가원
561,티티씨에듀
562,지아이티아카데미
563,코리아폴리스쿨
564,아이비김영
565,아토스터디
566,계명대학교 산학협력단
567,하이컨시
568,국가평생교육진흥원
569,이코랜스
570,잉글리쉬앤
571,한국기술교육대학교
572,더조은아카데미
573,인키움
574,지식과미래
575,티엠디교육그룹
576,데이원컴퍼니 레모네이드
577,현대경제연구원
578,대교에듀캠프
579,민병철교육그룹
580,다락원
581,에듀라인
582,링구아교육 링구아어학원
583,베스핀글로벌
584,한글과컴퓨터
585,엔에이치엔커머스
586,제이슨그룹
587,펜타브리드
588,써스포
589,클래스101
590,오토소프트
591,테스트이앤씨
592,코오롱베니트
593,아이비케이시스템
594,디지털다임
595,네이버시스템
596,이지서티
597,푸드나무
598,인크루트알바콜
599,골프존
600,폴라리스오피스
601,드림어스컴퍼니
602,아이패밀리에스씨
603,블루버드
604,메가존클라우드
605,슈어소프트테크
606,토마토시스템
607,유빈스
608,다날
609,크래프톤
610,카카오엔터테인먼트
611,이지케어텍
612,파수
613,애드캡슐소프트
614,코그
615,케이지모빌리언스
616,퓨렌스
617,비바리퍼블리카
618,코이스
619,쌍용정보통신
620,알티캐스트
621,컴파트너스
622,코난테크놀로지
623,샌드박스네트워크
624,연합뉴스
625,더핑크퐁컴퍼니
626,지어소프트
627,다음커뮤니케이션
628,인베니아
629,대보정보통신
630,콤텍시스템
631,와디즈
632,비트컴퓨터
633,디비아이엔씨
634,조이시티
635,페이레터
636,현대엠엔소프트
637,이모션글로벌
638,유비케어
639,에임시스템
640,스마일게이트엔터테인먼트
641,진학사
642,위즈그룹
643,가온아이
644,게임빌
645,그라비티
646,나무커뮤니케이션
647,케이씨씨정보통신
648,이니텍
649,키위컴퍼니
650,아이헤이트플라잉버그스
651,하이퍼커넥트
652,웹케시
653,이트라이브
654,더화이트커뮤니케이션
655,에스큐아이소프트
656,모니터랩
657,미디어윌네트웍스
658,유비벨록스
659,소리바다
660,엘지유플러스
661,삼성에스디에스
662,엘지씨엔에스
663,케이티
664,네이버
665,더존비즈온
666,롯데정보통신
667,카카오
668,케이티씨에스
669,엔씨소프트
670,카페24
671,야놀자
672,씨제이올리브네트웍스
673,에스케이플래닛
674,SK텔레콤
675,안랩
676,넥슨코리아
677,인라이플
678,케이티아이에스
679,한국아이비엠
680,인피닉
681,티맥스소프트
682,케이티알파
683,우아한형제들
684,미라콤아이앤씨
685,엔에이치엔
686,현대오토에버
687,케이티디에스
688,코리아센터
689,이글루코퍼레이션
690,신한디에스
691,라인플러스
692,한전케이디엔
693,다우기술
694,마이다스아이티
695,스펙업애드
696,넷마블
697,넥슨네트웍스
698,팅크웨어
699,엘에스산전
700,브랜디
701,나이스평가정보
702,티시스
703,여기어때
704,컴투스
705,링크프라이스
706,지에스아이티엠
707,엔테크서비스
708,메가존
709,아이파트너즈
710,디케이테크인
711,신세계아이앤씨
712,현대이지웰
713,아프리카티비
714,제로웹
715,윈스
716,와이즈넛
717,써머스플랫폼
718,코나아이
719,케이지이니시스
720,미디어로그
721,아이뱅크
722,직방
723,데이터스트림즈
724,엠서클
725,와이즈와이어즈
726,이스트소프트
727,예스이십사
728,에스케이오앤에스
729,씨엔티테크
730,한국지능정보사회진흥원
731,이카운트
732,나비스오토모티브시스템즈
733,이씨이십일
734,줌인터넷
735,웹젠
736,어니컴
737,에스케이브로드밴드
738,와이드넷엔지니어링
739,케이비데이타시스템
740,스포티비
741,펜타시큐리티시스템
742,스마일게이트스토브
743,싸이버원
744,바이브컴퍼니
745,아시아나아이디티
746,한솔인티큐브
747,네오싸이언
748,그린랩스
749,대신정보통신
750,에쓰씨케이
751,엑셈
752,우리요
753,엔카닷컴
754,엘솔컴퍼니
755,시큐아이
756,인포뱅크
757,뱅크웨어글로벌
758,솔트룩스
759,아이엠비씨
760,아이온커뮤니케이션즈
761,에티버스
762,영림원소프트랩
763,농협정보시스템
764,예스콜닷컴
765,엔텔스
766,한국통신인터넷기술
767,오케이몰
768,디지틀조선일보
769,곰앤컴퍼니
770,위버스마인드
771,한국지역정보개발원
772,캐스트이즈
773,이퓨전아이
774,잉카인터넷
775,파이오링크
776,무브게임즈
777,굿어스
778,인피니트헬스케어
779,플립커뮤니케이션즈
780,케이엘정보통신
781,빗썸코리아
782,에이텍
783,굿모닝아이텍
784,한빛소프트
785,에스에이피코리아
786,씨디네트웍스
787,이테크시스템
788,큐로드
789,현대에이치디에스
790,골드넥스
791,라온시큐어
792,하이브랩
793,네비웍스
794,알앤비소프트
795,유엔젤
796,이데일리
797,웹이즈
798,미디어젠
799,엠에스티씨
800,코비젼
801,유플리트
802,피씨엔
803,펀엔씨
804,디케이유엔씨
805,한국모바일인증
806,에이쓰리시큐리티
807,토비스
808,데브시스터즈
809,더크림유니언
810,한국내쇼날인스트루먼트
811,집토스
812,아스템즈
813,드래곤플라이
814,에이치엔아이엔씨
815,엔에이치엔다이퀘스트
816,테크빌교육
817,아이피그룹
818,한국정보통신
819,소만사
820,에이에스피엔
821,엠로
822,진코퍼레이션
823,티디아이
824,후이즈
825,큐드
826,한진정보통신
827,나온소프트
828,얍컴퍼니
829,엔키아
830,트릿지
831,아이덴티티게임즈
832,우리에프아이에스
833,디비에프아이에스
834,엑스엘게임즈
835,이루온
836,발란
837,엔비티
838,엘루오씨앤씨
839,동양네트웍스
840,슈어엠
841,딜리
842,버킷플레이스
843,에이트원
844,와일리
845,브리지텍
846,쇼엠
847,케이에스넷
848,팍스넷
849,라온피플
850,마크애니
851,위자드랩
852,스터디맥스
853,중외정보기술
854,싸이버로지텍
855,엠스텍
856,여보야
857,카카오스타일
858,링네트
859,인젠트
860,투믹스
861,네이버클라우드
862,와이드모바일
863,갤럭시아머니트리
864,스테이션3
865,중고나라
866,비플라이소프트
867,위세아이텍
868,탑코
869,핑거
870,이씨플라자
871,한국자산평가
872,오픈베이스
873,카카오브이엑스
874,노아에스앤씨
875,쓰리아이
876,씨케이앤비
877,유비온
878,티맥스데이터
879,크리스피드
880,아이템베이
881,에스넷시스템
882,와치텍
883,모비젠
884,시스게이트
885,시큐브
886,유라클
887,케이웨더
888,넷앤드
889,누리플렉스
890,앱코
891,인성정보
892,판도라티비
893,플레이오토
894,비스텔
895,세종텔레콤
896,인픽스
897,인지소프트
898,매드업
899,엠게임
900,매경닷컴
901,아이엠폼
902,유디아이디
903,메디컬아이피
904,에릭슨엘지
905,아이티센
906,번개장터
907,오파스넷
908,토탈소프트뱅크
909,교보정보통신
910,소프트캠프
911,네오플
912,마이셀럽스
913,위엠비
914,유웨이어플라이
915,메가넥스트
916,그린웍스
917,사이버다임
918,이토마토
919,트위니
920,스마트스코어
921,유호스트
922,디케이아이테크놀로지
923,뤼이드
924,스포카
925,콤텍정보통신
926,쿠캣
927,넷마블몬스터
928,펜타시스템테크놀러지
929,뱅크샐러드
930,셀바스에이아이
931,패스트뷰
932,씨앤토트플러스
933,대우루컴즈
934,디케이비엠시
935,평화이즈
936,위메이드플레이
937,아이디에스앤트러스트
938,삼양데이타시스템
939,어드밴텍케이알
940,핸디소프트
941,맵퍼스
942,하나아이앤에스
943,한국콩스버그마리타임
944,대교씨엔에스
945,밸로프
946,트윔
947,메타빌드
948,퓨즈
949,티쿤글로벌
950,교육지대
951,비에스지파트너스
952,어스얼라이언스
953,에이블리코퍼레이션
954,아이젝스
955,와그
956,와이즈버즈
957,이포넷
958,케이아이엔엑스
959,에스지에이
960,네이블커뮤니케이션즈
961,산하정보기술
962,에코시안
963,이음소시어스
964,포인트모바일
965,컴트루테크놀로지
966,퀄슨
967,퓨쳐시스템
968,네티브
969,엔셀
970,비아이매트릭스
971,인포바인
972,포비즈코리아
973,대아티아이
974,메트릭스코퍼레이션
975,액토즈소프트
976,코스콤
977,디유넷
978,이지미디어
979,다쏘시스템코리아
980,코너크리에이티브
981,코츠테크놀로지
982,게임덱스
983,다산네트웍솔루션즈
984,오케이포스
985,퓨처젠
986,네이버아이앤에스
987,다하미커뮤니케이션즈
988,미리디
989,삼보컴퓨터
990,시티랩스
991,디자인커뮤니케이션
992,아지앙스코리아
993,키즈룹
994,텔코웨어
995,리틀팍스
996,소셜뉴스
997,쓰리디팩토리
998,에이디앤스타일
999,유젠
1000,지란지교소프트
1001,월급날
1002,이랜드시스템스
1003,드림인사이트
1004,씨아이솔루션
1005,아이에스에프넷코리아
1006,알엠소프트
1007,에이텍시스템
1008,재능이아카데미
1009,위지언
1010,잡플래닛
1011,티머니
1012,동훈아이텍
1013,유니포인트
1014,윤디자인그룹
1015,아이엠씨게임즈
1016,아이크래프트
1017,오비고
1018,에스에스알
1019,티아이스퀘어
1020,베스파
1021,스마트인피니
1022,이노트리
1023,포시에스
1024,하이브로
1025,두잇시스템
1026,씨티티디
1027,아비드이앤에프
1028,티쓰리엔터테인먼트
1029,미소정보기술
1030,지오투정보기술
1031,네이버웹툰
1032,위두커뮤니케이션즈
1033,포켓몬코리아
1034,뉴스1
1035,다우데이타
1036,씨유기획
1037,아티언스
1038,집꾸미기
1039,노츠
1040,한국후지쯔
1041,산업마케팅
1042,소리자바
1043,힙합퍼
1044,넛지헬스케어
1045,디에스글로벌
1046,이와이드플러스
1047,와이지플러스
1048,선도소프트
1049,케이엘넷
1050,삼성전자
1051,LG전자
1052,엘지디스플레이
1053,현대자동차
1054,엘지이노텍
1055,한국전력공사
1056,LG화학
1057,에스케이하이닉스
1058,아모레퍼시픽
1059,앰코테크놀로지코리아
1060,삼성에스디아이
1061,케이씨씨
1062,이랜드월드
1063,삼성전기
1064,현대모비스
1065,현대제철
1066,두산에너빌리티
1067,엘지생활건강
1068,기아
1069,한국수력원자력
1070,바디프랜드
1071,와이지-원
1072,유라코퍼레이션
1073,동원에프앤비
1074,LF
1075,코리아써키트
1076,삼성엔지니어링
1077,한국콜마
1078,세아상역
1079,해태제과식품
1080,오뚜기
1081,캐논코리아
1082,한솔섬유
1083,에스엘
1084,한국수자원공사
1085,한국후지필름비즈니스이노베이션
1086,코스맥스
1087,르노코리아자동차
1088,샘표식품
1089,대상
1090,한세실업
1091,일진글로벌홀딩스
1092,효성
1093,금호타이어
1094,유니셈
1095,에스케이실트론
1096,에이블씨엔씨
1097,크린팩토메이션
1098,파리크라상
1099,한국에스지에스
1100,엘엑스하우시스
1101,미미박스
1102,모베이스전자
1103,롯데칠성음료
1104,오비맥주
1105,현대트랜시스
1106,한국단자공업
1107,동진쎄미켐
1108,네패스
1109,만도
1110,동우화인켐
1111,테크윙
1112,도쿄일렉트론코리아
1113,한국지엠
1114,영풍전자
1115,대덕전자
1116,코오롱인더스트리
1117,매일유업
1118,삼양식품
1119,네이처리퍼블릭
1120,청호나이스
1121,엠씨넥스
1122,롯데케미칼
1123,신성통상
1124,카페베네
1125,엘앤에프
1126,원익아이피에스
1127,타이코에이엠피
1128,신도리코
1129,현대로템
1130,성우하이텍
1131,한미반도체
1132,세메스
1133,한국인터텍테스팅서비스
1134,쿠쿠전자
1135,온세미컨덕터코리아
1136,엘에스엠트론
1137,한국가스안전공사
1138,에이에스이코리아
1139,이엠텍
1140,한전산업개발
1141,빙그레
1142,메디앙스
1143,한국타이어
1144,영림임업
1145,위니아전자
1146,무학
1147,에스케이케미칼
1148,어플라이드머티어리얼즈코리아
1149,한국가스공사
1150,지지무역
1151,케이엠더블유
1152,이오테크닉스
1153,태평양물산
1154,이엔에프테크놀로지
1155,현대엘리베이터
1156,인터플렉스
1157,크라운제과
1158,아모텍
1159,현대리바트
1160,현대위아
1161,락앤락
1162,넥센타이어
1163,서울반도체
1164,한국전력기술
1165,에드워드코리아
1166,디비하이텍
1167,에치와이
1168,코웰패션
1169,애경산업
1170,제이에스티나
1171,에이에스엠엘코리아
1172,토니모리
1173,세코닉스
1174,더블유스코프코리아
1175,슈피겐코리아
1176,신원
1177,국도화학
1178,파트론
1179,서진산업
1180,자화전자
1181,퍼시스
1182,하이에어코리아
1183,글로벌스탠다드테크놀로지
1184,엘아이지넥스원
1185,롯데푸드
1186,에이피알
1187,시그네틱스
1188,인지컨트롤스
1189,하나마이크론
1190,한화에어로스페이스
1191,세방전지
1192,바텍
1193,SPC삼립
1194,귀뚜라미
1195,한국니토옵티칼
1196,비에이치
1197,인바디
1198,케이조선
1199,티에스케이워터
1200,서양네트웍스
1201,에이비비코리아
1202,탑엔지니어링
1203,디에이피
1204,더블유씨피
1205,에이치비테크놀러지
1206,한온시스템
1207,삼영전자공업
1208,태광산업
1209,에스케이이노베이션
1210,하이트진로
1211,약진통상
1212,신성이엔지
1213,솔브레인홀딩스
1214,에코캡
1215,풍인무역
1216,핸즈코퍼레이션
1217,코스맥스엔비티
1218,면사랑
1219,세라젬
1220,한국남부발전
1221,디섹
1222,바바패션
1223,코스메카코리아
1224,푸르밀
1225,케이티앤지
1226,프레시지
1227,삼화콘덴서공업
1228,창신아이엔씨
1229,삼양사
1230,에스티엑스중공업
1231,금강
1232,삼화페인트공업
1233,다원시스
1234,한국남동발전
1235,에프앤에프
1236,한화시스템
1237,고영테크놀러지
1238,우진플라임
1239,코맥스
1240,클리오
1241,한국미우라공업
1242,도레이첨단소재
1243,제우스
1244,에스에프에이
1245,풍산
1246,원익큐엔씨
1247,엠이엠씨코리아
1248,삼성메디슨
1249,한국중부발전
1250,태광실업
1251,패션그룹형지
1252,에스에프에이반도체
1253,대현에스티
1254,한국동서발전
1255,이화다이아몬드공업
1256,한국지역난방공사
1257,현대종합금속
1258,신영와코루
1259,효성티앤에스
1260,쁘띠엘린
1261,에스엘바이오텍
1262,노브랜드
1263,인터로조
1264,에이스테크놀로지
1265,톱텍
1266,한국알박
1267,파킹클라우드
1268,엘아이에스
1269,한국서부발전
1270,성동조선해양
1271,이브자리
1272,태양금속공업
1273,동아오츠카
1274,아미코스메틱
1275,동양이엔피
1276,농업회사법인포프리
1277,코미코
1278,위비스
1279,신흥정밀
1280,피죤
1281,모다이노칩
1282,비테스코테크놀로지스코리아유한책임회사
1283,깨끗한나라
1284,인동에프엔
1285,쏘테크
1286,부전전자
1287,연우
1288,에스아이플렉스
1289,계양전기
1290,선진
1291,케이맥
1292,니프코코리아
1293,나래나노텍
1294,노루페인트
1295,아이아이컴바인드
1296,한국알프스
1297,켐트로닉스
1298,태광후지킨
1299,대한전선
1300,에이치엘클레무브
1301,일동후디스
1302,참엔지니어링
1303,동희산업
1304,솔리티
1305,유도
1306,오텍캐리어
1307,롯데네슬레코리아
1308,진합
1309,모트렉스
1310,아이디스
1311,엘엑스세미콘
1312,유니크
1313,코리아나화장품
1314,져스텍
1315,에스에너지
1316,노벨리스코리아
1317,시몬스
1318,해성디에스
1319,아우딘퓨쳐스
1320,한솔테크닉스
1321,듀폰코리아
1322,피에스케이
1323,에이테크솔루션
1324,삼우코리아
1325,로보스타
1326,화신
1327,우진산전
1328,코텍
1329,캐논쎄미콘덕터엔지니어링코리아
1330,성주디앤디
1331,에넥스
1332,웅진에너지
1333,현대미포조선
1334,대동공업
1335,한국바스프
1336,지오다노
1337,카펙발레오
1338,시선인터내셔널
1339,씨티알
1340,비에이치아이
1341,쿠첸
1342,그레닉스
1343,아이에스시
1344,현대케피코
1345,한국미쓰비시엘리베이터
1346,라벨영
1347,휴니드테크놀러지스
1348,제이브이엠
1349,사조대림
1350,광전자
1351,린나이코리아
1352,하이즈항공
1353,강림중공업
1354,스테코
1355,아이티엠반도체
1356,한국씰마스타
1357,아진산업
1358,청오디피케이
1359,실크로드시앤티
1360,참존
1361,평화발레오
1362,유한킴벌리
1363,와이솔
1364,고려아연
1365,선앤엘
1366,에스디생명공학
1367,에프에스티
1368,동화기업
1369,루멘스
1370,다스
1371,엘오티베큠
1372,대유위니아
1373,강남제비스코
1374,롯데알미늄
1375,경인양행
1376,아바코
1377,보쉬전장
1378,한국존슨앤드존슨
1379,지이헬스케어코리아
1380,한솔제지
1381,루트로닉
1382,케이이씨
1383,뷰웍스
1384,크루셜텍
1385,불스원
1386,티비에이치글로벌
1387,미래나노텍
1388,노바렉스
1389,이래오토모티브시스템
1390,BYC
1391,코렌스
1392,유비쿼스홀딩스
1393,한국하니웰
1394,세진중공업
1395,평화정공
1396,한전원자력연료
1397,크레신
1398,그린광학
1399,동서기공
1400,쌍방울
1401,이노와이어리스
1402,피닉스다트
1403,에쓰푸드
1404,현대삼호중공업
1405,정식품
1406,하이비젼시스템
1407,지에스칼텍스
1408,아이올리
1409,에쓰오일
1410,현대에버다임
1411,현진스포텍
1412,이미인
1413,인디에프
1414,뉴파워프라즈마
1415,파크랜드
1416,심텍홀딩스
1417,로체시스템즈
1418,인탑스
1419,안다르
1420,금호에이치티
1421,코스알엑스
1422,이라이콤
1423,한화토탈에너지스
1424,다다씨앤씨
1425,로얄앤컴퍼니
1426,티디케이한국
1427,비비안
1428,에스피반도체통신
1429,웰크론
1430,진주햄
1431,삼화양행
1432,원익머트리얼즈
1433,파인디지털
1434,금호석유화학
1435,남양인터내셔날
1436,동원산업
1437,린컴퍼니
1438,희성전자
1439,동광인터내셔날
1440,케이브랜즈
1441,큐엠씨
1442,코스온
1443,평화오일씰공업
1444,메가젠임플란트
1445,대덕지디에스
1446,코튼클럽
1447,인텍전기전자
1448,덴티스
1449,쎄크
1450,그린코스
1451,미원상사
1452,신화인터텍
1453,현담산업
1454,본느
1455,제이오텍
1456,크리스에프앤씨
1457,아이쓰리시스템
1458,씨앤씨인터내셔널
1459,신양금속공업
1460,유엘코리아
1461,티씨케이
1462,하나머티리얼즈
1463,잉크테크
1464,풀무원
1465,코리아에프티
1466,아로마티카
1467,지아이티
1468,뱅뱅어패럴
1469,유텔
1470,대원강업
1471,서울우유협동조합
1472,디엠에스
1473,이씨스
1474,신성델타테크
1475,신한다이아몬드공업
1476,일진제강
1477,에이스브이
1478,알피니언메디칼시스템
1479,티유브이라인란드코리아
1480,더스킨팩토리
1481,대우전자부품
1482,서울바이오시스
1483,위닉스
1484,파주전기초자
1485,포스코에너지
1486,한서실업
1487,제이앤티씨
1488,말레동현필터시스템
1489,한국옵티칼하이테크
1490,디이엔티
1491,윈팩
1492,넥스콘테크놀러지
1493,젯아이씨
1494,대승
1495,심팩
1496,고려제강
1497,듀링
1498,에스티엑스엔진
1499,에이스침대
1500,유니레버코리아
1501,한영넉스
1502,더네이쳐홀딩스
1503,풀무원녹즙
1504,화승코퍼레이션
1505,에스지씨솔루션
1506,조광페인트
1507,에스티아이
1508,티피씨메카트로닉스
1509,일진다이아몬드
1510,엔피씨
1511,전기초자코리아
1512,상아프론테크
1513,시너스텍
1514,지엔코
1515,서울화장품
1516,싸이노스
1517,예림임업
1518,티센크루프엘리베이터코리아
1519,솔루엠
1520,아이엠아이크리티컬엔지니어링코리아
1521,한국요꼬가와전기
1522,한국호야전자
1523,디티알
1524,제이씨코리아
1525,글로텍엔지니어링
1526,대원산업
1527,동성화인텍
1528,오뚜기라면
1529,일레븐코퍼레이션
1530,광명산업
1531,제네랄일렉트릭인터내셔날인코포레이티드
1532,태성환경연구소
1533,효성굿스프링스
1534,오에이티씨
1535,이즈미디어
1536,패커드코리아
1537,코스맥스바이오
1538,케이에이치바텍
1539,에이엠텔레콤
1540,우인인더스트리즈
1541,케이투코리아
1542,테크로스
1543,에몬스가구
1544,천호엔케어
1545,두원공조
1546,삼부정밀화학
1547,서진캠
1548,한국브렌슨
1549,독립문
1550,미르기술
1551,엔케이
1552,태림포장
1553,한국훼스토
1554,해브앤비
1555,옵트론텍
1556,남양넥스모
1557,양지사
1558,삼보모터스
1559,에스에스엘엠
1560,현대아이에이치엘
1561,삼전순약공업
1562,새솔다이아몬드공업
1563,아미코젠
1564,두올
1565,상보
1566,씨엠에이글로벌
1567,아이디룩
1568,볼빅
1569,삼익티에이치케이
1570,에스엔유프리시젼
1571,와이엠티
1572,인텔리안테크놀로지스
1573,케이엠
1574,엘이디라이텍
1575,고운세상코스메틱
1576,베네통코리아
1577,브이티코스메틱
1578,이펙스
1579,한국인삼공사
1580,영원아웃도어
1581,윌로펌프
1582,디젠
1583,원봉
1584,창성
1585,조광아이엘아이
1586,화천기계
1587,미팩토리
1588,비케이브
1589,일진베어링
1590,최신물산
1591,블리스팩
1592,슈페리어
1593,테크엘
1594,모토닉
1595,인켈
1596,재영솔루텍
1597,파카코리아
1598,시드물
1599,이랜텍
1600,코다코
1601,대동도어
1602,비츠로시스
1603,삼표
1604,씨제이포디플렉스
1605,케이디파워
1606,파워로직스
1607,텔레칩스
1608,블랙야크
1609,삼목에스폼
1610,유니온커뮤니티
1611,크나우프석고보드
1612,스맥
1613,오알켐
1614,유진로봇
1615,센서텍
1616,아트라스비엑스
1617,엘시시
1618,우주일렉트로닉스
1619,SNT모티브
1620,유니트아이엔씨
1621,케이엘에이텐코코리아
1622,나무가
1623,메디아나
1624,바이와이제이
1625,선익시스템
1626,싸이맥스
1627,삼성공조
1628,유아이엘
1629,인테그리스코리아
1630,프라코
1631,경창산업
1632,에스엠알오토모티브모듈코리아
1633,엘티소재
1634,뉴옵틱스
1635,에이팩트
1636,세양물산
1637,신티에스
1638,멜파스
1639,디에이테크놀로지
1640,삼화
1641,에이치앤이루자
1642,와이즈산전
1643,인피니언테크놀로지스파워세미텍
1644,조이슨세이프티시스템스코리아
1645,후지테크코리아
1646,체리부로
1647,큐아이엠
1648,애경화학
1649,코오롱글로텍
1650,삼익악기
1651,오이솔루션
1652,피제이전자
1653,한국화이바
1654,대한제강
1655,정우비나
1656,화인폰
1657,스와니코코
1658,에스제이듀코
1659,제이시스메디칼
1660,제이티
1661,니덱모빌리티코리아
1662,인텍플러스
1663,코코도르
1664,파크시스템스
1665,슈프리마에이치큐
1666,에뛰드
1667,테이팩스
1668,고려은단
1669,대선주조
1670,에이치케이
1671,현대엘앤씨
1672,엔브이에이치코리아
1673,일지테크
1674,대봉엘에스
1675,삼성발레오써멀시스템스
1676,코웰전자
1677,하이윈코퍼레이션
1678,국순당
1679,덕신하우징
1680,갑을오토텍
1681,성화물산
1682,엘앤피코스메틱
1683,엔프라니
1684,이노바이오써지
1685,케이씨이노베이션
1686,서원인텍
1687,애경케미칼
1688,오텍캐리어냉장
1689,엔유씨전자
1690,한국방송통신전파진흥원
1691,마팔하이테코
1692,수산중공업
1693,유니베라
1694,레드페이스
1695,우신공업
1696,태성전장
1697,태웅메디칼
1698,제노레이
1699,휴비츠
1700,라이온코리아
1701,하이록코리아
1702,레이크머티리얼즈
1703,브이엘엔코
1704,농업회사법인아시아종묘
1705,대한유화
1706,생고뱅코리아
1707,포인트닉스
1708,한국다우케미칼
1709,우성
1710,네파
1711,다산네트웍스
1712,마니커
1713,세아베스틸
1714,비에스이
1715,켐토피아
1716,휴롬
1717,기가레인
1718,신한벽지
1719,녹수
1720,동화엔텍
1721,에이빌코리아
1722,원익홀딩스
1723,유진테크
1724,인지디스플레이
1725,글로텍
1726,이수엑사보드
1727,희성촉매
1728,광천김
1729,네오플램
1730,이수페타시스
1731,케이엔알시스템
1732,대한광통신
1733,두원중공업
1734,지엠비코리아
1735,한국요꼬가와일렉트로닉스매뉴팩처링
1736,시스템알앤디
1737,한중엔시에스
1738,대원정밀공업
1739,연합정밀
1740,넥센
1741,듀오백
1742,서진오토모티브
1743,진양오일씰
1744,와이엠씨
1745,대현환경
1746,리큅
1747,에프알텍
1748,포인트엔지니어링
1749,무림피앤피
1750,종근당건강
1751,한국에스엠티
1752,모토텍
1753,벽산
1754,사임당화장품
1755,리테일미디어솔루션
1756,비타민하우스
1757,새론오토모티브
1758,화성코스메틱
1759,디알젬
1760,머큐리코퍼레이션
1761,비엘헬스케어
1762,엘앤케이바이오메드
1763,티케이케미칼
1764,뉴프렉스
1765,한진화학
1766,엠에스오토텍
1767,팜스코
1768,동원금속
1769,동인기연
1770,솔라루체
1771,아반스트레이트코리아
1772,유씨엘
1773,한국경남태양유전
1774,모닝글로리
1775,트렉스타
1776,대흥알앤티
1777,신한중공업
1778,에어프로덕츠코리아
1779,한국제지
1780,한미헬스케어
1781,비츠로테크
1782,뉴모텍
1783,서울검사
1784,로봇앤드디자인
1785,리팩
1786,에이테크오토모티브
1787,펌텍코리아
1788,한신기계공업
1789,에이블루
1790,영진
1791,우익반도체
1792,네오팜
1793,보끄레머천다이징
1794,선인
1795,한컴라이프케어
1796,금호타이어용인중앙연구소
1797,다인정공
1798,두리화장품
1799,삼천리
1800,삼화전기
1801,선보공업
1802,이노진
1803,천일식품
1804,금영제너럴
1805,에어릭스
1806,영광와이케이엠씨
1807,태진인터내셔날
1808,갑진
1809,티유브이슈드코리아
1810,한국해양교통안전공단
1811,나노엔텍
1812,오디텍
1813,만앤휴멜코리아
1814,아남전자
1815,세경하이테크
1816,쎄믹스
1817,에이케이켐텍
1818,인알파코리아
1819,피플웍스
1820,대성하이텍
1821,비아트론
1822,티엠씨
1823,동아전기부품
1824,린데코리아
1825,미원스페셜티케미칼
1826,에이티아이
1827,현대비앤지스틸
1828,미래보
1829,삼원색
1830,서보산업
1831,세종공업
1832,에스텍
1833,웅진식품
1834,유풍
1835,조선내화
1836,쿠도커뮤니케이션
1837,한국내화
1838,한국석유공사
1839,경신전선
1840,범천정밀
1841,일삼
1842,엘에스메카피온
1843,한국석유관리원
1844,에이텍에이피
1845,쌍용씨앤이
1846,엔티렉스
1847,코카콜라음료
1848,삼양발브종합메이커
1849,엑시콘
1850,코윈테크
1851,엠케이전자
1852,참프레
1853,하이트론씨스템즈
1854,놀부
1855,대두식품
1856,케이티앤씨
1857,혼
1858,넥스트아이
1859,비전세미콘
1860,에스피지
1861,유니슨이테크
1862,피닉슨컨트롤스
1863,테스
1864,삼화제지
1865,세아제강
1866,동서가구
1867,비엔에이치
1868,에센루
1869,인화이엔지
1870,코콤
1871,브리티쉬아메리칸토바코코리아제조
1872,손오공
1873,중앙제어
1874,한국유리공업
1875,CIMON
1876,가온전선
1877,동양물산기업
1878,모나리자
1879,한국오바라
1880,린텍스페셜러티필름코리아
1881,에스케이에너지
1882,에이치엔에스하이텍
1883,코오롱플라스틱
1884,휴스틸
1885,데코뷰
1886,리트코
1887,대한방직
1888,사조산업
1889,엔쓰리엔
1890,태광
1891,마플코퍼레이션
1892,유니온
1893,대곤코퍼레이션
1894,신라정밀
1895,쏠리드
1896,하이게인안테나
1897,에코프로
1898,대주전자재료
1899,코칩
1900,모팜
1901,비츠로셀
1902,티엘비
1903,씨제이씨지브이
1904,씨제이이앤엠
1905,웅진씽크빅
1906,문화방송
1907,제일기획
1908,한국방송공사
1909,메가박스중앙
1910,천재교육
1911,비상교육
1912,이엠넷
1913,교원구몬
1914,에코마케팅
1915,시대고시기획시대교육
1916,에이엠피엠글로벌
1917,에스비에스
1918,미디어윌
1919,피알원
1920,프레인글로벌
1921,대학내일
1922,한국교육방송공사
1923,플레이디
1924,애드쿠아인터렉티브
1925,차이커뮤니케이션
1926,재능교육
1927,천재교과서
1928,엣지랭크
1929,매스씨앤지
1930,대홍기획
1931,케이피알앤드어소시에이츠
1932,인크로스
1933,디노마드
1934,나스미디어
1935,NE능률
1936,에이치에스애드
1937,제이티비씨
1938,중앙일보
1939,아이스크림에듀
1940,매일경제신문사
1941,조선일보사
1942,에이피알에이전시
1943,킨코스코리아
1944,부산국제영화제
1945,인터스텔라
1946,그룹엠코리아
1947,레오버넷
1948,디트라이브
1949,메조미디어
1950,잉글리시에그
1951,미래엔
1952,이브릿지
1953,안그라픽스
1954,케이비에스미디어
1955,아이유노글로벌
1956,채널에이
1957,금성출판사
1958,코마스인터렉티브
1959,위블링
1960,와이티엔
1961,마더브레인
1962,세종씨앤피
1963,디자인피버
1964,로커스
1965,한국학술정보
1966,덱스터스튜디오
1967,하이브
1968,지엔앰퍼포먼스
1969,레드브릭스
1970,에델만퍼블릭릴레이션스월드와이드코리아
1971,비비디오코리아
1972,레뷰코퍼레이션
1973,디지털트리니티
1974,아이코닉스
1975,레인보우커뮤니케이션
1976,현대퓨처넷
1977,디자인하우스
1978,더북컴퍼니
1979,엠비씨플러스
1980,자이언트스텝
1981,제이와이피엔터테인먼트
1982,해법에듀
1983,북이십일
1984,에스비에스콘텐츠허브
1985,성원애드피아
1986,한국경제티브이
1987,동아일보사
1988,엠디마케팅
1989,이든앤앨리스마케팅
1990,씨엠비대전방송
1991,에스에이엠지엔터테인먼트
1992,시너지힐앤놀튼
1993,투바앤
1994,금솔커뮤니케이션
1995,상록에스
1996,에델만코리아
1997,서울비젼
1998,한국경제신문
1999,서울문화사
2000,아인스미디어
2001,매일방송
2002,레페리
2003,동아사이언스
2004,이노브
2005,승일미디어그룹
2006,교학사
2007,지학사
2008,키스톤마케팅컴퍼니
2009,상화
2010,예림당
2011,와이비엠
2012,양유
2013,삼성출판사
2014,머니투데이
2015,비욘드마케팅그룹
2016,모티브플럭스인터렉티브
2017,토이온
2018,메이비원
2019,씨제이파워캐스트
2020,바이널아이
2021,타라그래픽스
2022,오로라월드
2023,성우애드컴
2024,아이디어키
2025,이피피엔
2026,퍼니플럭스엔터테인먼트
2027,스마일코리아
2028,한샘이유지
2029,트레져헌터
2030,에이클라엔터테인먼트
2031,넥서스
2032,롯데컬처웍스
2033,제이콘텐트리
2034,포스트비쥬얼
2035,비책
2036,위즈덤하우스
2037,이인벤션
2038,피엠지인티그레이티드 커뮤니케이션즈
2039,더피알커뮤니케이션
2040,콜레오마케팅그룹
2041,한국디자인진흥원
2042,이너스커뮤니티
2043,프로그레스미디어
2044,가우리커뮤니케이션
2045,애드미션
2046,아주뉴스코퍼레이션
2047,디지털퍼스트
2048,웹스프레드
2049,허밍아이엠씨
2050,빅픽처팀
2051,그랑몬스터
2052,장원교육
2053,디디비코리아
2054,오쏘엔 나비컴
2055,위인크
2056,비브스튜디오스
2057,티엠씨케이
2058,국립박물관문화재단
2059,빅밴드앤코
2060,아이엠애드리퍼블릭
2061,에스비에스미디어넷
2062,투와이드컴퍼니
2063,아시아투데이
2064,허브넷굿컴퍼니닷컴
2065,한미약품
2066,대웅제약
2067,종근당
2068,삼성바이오로직스
2069,녹십자
2070,제일약품
2071,한국유나이티드제약
2072,국립암센터
2073,셀트리온
2074,서울대학교병원
2075,에이치케이이노엔
2076,덴티움
2077,JW중외제약
2078,보령
2079,일동제약
2080,씨젠
2081,신흥
2082,셀트리온제약
2083,대원제약
2084,일양약품
2085,한독
2086,휴온스
2087,동국제약
2088,마크로젠
2089,한국장애인고용공단
2090,바이오니아
2091,에스티팜
2092,아이센스
2093,광동제약
2094,동아에스티
2095,휴젤
2096,한국애보트진단
2097,유한양행
2098,바이넥스
2099,환인제약
2100,한림제약
2101,써모피셔사이언티픽코리아
2102,안국약품
2103,신풍제약
2104,유니메드제약
2105,와이에스생명과학
2106,한스바이오메드
2107,케어젠
2108,메디톡스
2109,네오바이오텍
2110,오상헬스케어
2111,경동제약
2112,경보제약
2113,에스디바이오센서
2114,이연제약
2115,서흥
2116,에이프로젠바이오로직스
2117,유영제약
2118,대한적십자사
2119,프레스티지바이오로직스
2120,동아제약
2121,건일제약
2122,동성제약
2123,진양제약
2124,부광약품
2125,충남대학교병원
2126,명인제약
2127,알피바이오
2128,바이엘코리아
2129,유한화학
2130,일성신약
2131,시지바이오
2132,하나제약
2133,종근당바이오
2134,경북대학교병원
2135,동화약품
2136,제이더블유신약
2137,비씨월드제약
2138,사회복지법인 밀알복지재단
2139,삼아제약
2140,영진약품
2141,유유제약
2142,고려제약
2143,부산대학교병원
2144,삼천당제약
2145,메드트로닉코리아
2146,드림씨아이에스
2147,현대약품
2148,녹십자셀
2149,로킷헬스케어
2150,삼일제약
2151,경남제약
2152,태준제약
2153,휴마시스
2154,사이넥스
2155,글락소스미스클라인
2156,유바이오로직스
2157,대한뉴팜
2158,세이브더칠드런코리아
2159,디알텍
2160,한미정밀화학
2161,삼진제약
2162,국립중앙의료원
2163,아산제약
2164,한국프라임제약
2165,CMG제약
2166,에스엘에스바이오
2167,메드파크
2168,아주약품
2169,알보젠코리아
2170,메디포스트
2171,에스텍파마
2172,충북대학교병원
2173,파마리서치
2174,대웅바이오
2175,한국유니온제약
2176,조아제약
2177,오리엔트바이오
2178,국제약품
2179,서울특별시서울의료원
2180,메타바이오메드
2181,전남대학교병원
2182,한화제약
2183,차바이오텍
2184,이수앱지스
2185,대정화금
2186,한국백신
2187,바이오넷
2188,서울제약
2189,보령바이오파마
2190,다림바이오텍
2191,쎌바이오텍
2192,신신제약
2193,코스모진텍
2194,제이더블유생명과학
2195,전북대학교병원
2196,콜마파마
2197,경상대학교병원
2198,한국코러스
2199,이니스트에스티
2200,래피젠
2201,인트론바이오테크놀로지
2202,강원대학교병원
2203,알바이오
2204,바디텍메드
2205,테고사이언스
2206,셀리버리
2207,메디트
2208,에스트라
2209,바이오노트
2210,구주제약
2211,녹십자웰빙
2212,다산제약
2213,한국비엔씨
2214,애니젠
2215,코오롱제약
2216,제뉴원사이언스
2217,대한무역투자진흥공사
2218,삼일회계법인
2219,삼정회계법인
2220,안진회계법인
2221,한국과학기술연구원
2222,한국환경공단
2223,한국국제협력단
2224,한국능률협회컨설팅
2225,한국전자기술연구원
2226,소상공인시장진흥공단
2227,한국생산기술연구원
2228,한국화학연구원
2229,닐슨코리아
2230,도로교통공단
2231,한국생산성본부
2232,건강보험심사평가원
2233,중소벤처기업진흥공단
2234,한국리서치
2235,입소스
2236,칸타코리아
2237,한국교통안전공단
2238,한국산업기술시험원
2239,삼정케이피엠지
2240,한국전자통신연구원
2241,한국교육개발원
2242,한국생명공학연구원
2243,한국환경산업기술원
2244,한국농수산식품유통공사
2245,엑스퍼트컨설팅
2246,한국관광공사
2247,한국아이큐비아
2248,마크로밀엠브레인
2249,한국정보통신기술협회
2250,엘에스케이글로벌파마서비스
2251,대한상공회의소
2252,한국과학기술기획평가원
2253,한국세라믹기술원
2254,한국에너지공단
2255,채선당
2256,한국사회보장정보원
2257,한국인터넷진흥원
2258,한국과학기술정보연구원
2259,한국고용정보원
2260,두산
2261,한국개발연구원
2262,한국해양과학기술원
2263,엘에스
2264,한국에너지기술연구원
2265,한국교육학술정보원
2266,한국보건산업진흥원
2267,특허법인 리앤목
2268,한국철도기술연구원
2269,해커스어학연구소
2270,한국법무보호복지공단
2271,한국기계연구원
2272,한국소비자원
2273,한국문화관광연구원
2274,한국표준과학연구원
2275,한국갤럽조사연구소
2276,한국문화재재단
2277,한국산업기술진흥원
2278,한국환경정책평가연구원
2279,한국건설기술연구원
2280,메디헬프라인
2281,한국원자력의학원
2282,한국저작권위원회
2283,동원엔터프라이즈
2284,중소기업기술정보진흥원
2285,한국해양수산개발원
2286,국토연구원
2287,한국건강가정진흥원
2288,한국행정연구원
2289,신승회계법인
2290,창업진흥원
2291,성창기업지주
2292,한국교통연구원
2293,한국식품연구원
2294,정보통신산업진흥원
2295,한국소방산업기술원
2296,인터브랜드
2297,서울올림픽기념국민체육진흥공단
2298,한국식품안전관리인증원
2299,식품안전정보원
2300,에이치엘비제약
2301,한국보훈복지의료공단
2302,스마일게이트홀딩스
2303,중소기업중앙회
2304,언스트앤영어드바이저리
2305,더비엔아이
2306,바이오코아
2307,노사발전재단
2308,리서치랩
2309,케이티지
2310,한국산업기술평가관리원
2311,리서치앤리서치
2312,대한법률구조공단
2313,에프에이모스트
2314,국립생태원
2315,한국조세재정연구원
2316,한국청소년활동진흥원
2317,삼육오엠씨네트웍스
2318,삼정케이피엠지컨설팅
2319,자트코코리아엔지니어링
2320,제이엠커리어
2321,헬릭스미스
2322,대외경제정책연구원
2323,라이언앤코
2324,한국발명진흥회
2325,한국임업진흥원
2326,디티앤씨알오
2327,한국한의학연구원
2328,한국의약품안전관리원
2329,기초과학연구원
2330,한국여성정책연구원
2331,법무법인대륙아주
2332,서연
2333,과학기술정책연구원
2334,산업연구원
2335,우리회계법인
2336,트랜스코스모스코리아
2337,유베이스
2338,하나투어
2339,세스코
2340,에스텍시스템
2341,아워홈
2342,유니에스
2343,커피빈코리아
2344,호텔신라
2345,비케이알
2346,삼구아이앤씨
2347,메타넷엠플랫폼
2348,이트너스
2349,한국마사회
2350,한화호텔앤드리조트
2351,케이에이
2352,맨파워코리아
2353,신세계푸드
2354,그린웹서비스
2355,한국전기안전공사
2356,삼성웰스토리
2357,노랑풍선
2358,휴먼티에스에스
2359,모두투어네트워크
2360,케이에프씨코리아
2361,프로에스콤
2362,스탭스
2363,AJ네트웍스
2364,공차코리아
2365,이랜드파크
2366,조선호텔앤리조트
2367,그랜드코리아레저
2368,키스템프
2369,참좋은여행
2370,서비스에이스
2371,서비스탑
2372,삼성전자서비스
2373,호텔롯데
2374,윌앤비전
2375,맥서브
2376,한국고용정보
2377,대명레저산업
2378,쏘카
2379,레드캡투어
2380,한솥
2381,약손명가
2382,본아이에프
2383,내일투어
2384,엔에이치엔여행박사
2385,롯데관광개발
2386,해비치호텔앤드리조트
2387,코엑스
2388,씨에스원파트너
2389,케이티텔레캅
2390,핏펫
2391,서울랜드
2392,코레일관광개발
2393,하이엠솔루텍
2394,요거프레소
2395,발렉스서비스
2396,강원랜드
2397,디티앤씨
2398,지씨셀
2399,아데코코리아
2400,나이스디앤비
2401,씨제이텔레닉스
2402,인크루트
2403,커리어케어
2404,엘비휴넷
2405,바이오톡스텍
2406,킨텍스
2407,한국평가데이터
2408,쥬비스
2409,후니드
2410,아이비에스인더스트리
2411,타이드스퀘어
2412,더메인즈
2413,인터비즈시스템
2414,파르나스호텔
2415,커뮤니크
2416,마이크임팩트
2417,웹투어
2418,조은시스템
2419,피투피시스템즈
2420,이지메디컴
2421,에이스휴먼파워
2422,워시스왓
2423,스파크플러스
2424,캘리스코
2425,에스케이렌터카
2426,토요코인코리아
2427,위티아
2428,리치빔
2429,유칼릭스
2430,플레이타임그룹
2431,그린카
2432,유세스파트너스
2433,씨엔알리서치
2434,한국콘텐츠진흥원
2435,현대씨앤알
2436,신한서브
2437,에이블현대호텔앤리조트
2438,아모제푸드
2439,원앤원
2440,쥬비스다이어트
2441,하이텔레서비스
2442,유니원커뮤니케이션즈
2443,한양대학교 산학협력단
2444,에프엠커뮤니케이션즈
2445,신화푸드
2446,제이앤비컨설팅
2447,아라마크
2448,죠스푸드
2449,이즈피엠피
2450,이케이맨파워
2451,에이치시티
2452,본푸드서비스
2453,한국전자금융
2454,부산롯데호텔
2455,미성엠프로
2456,케이씨티엘
2457,크릭앤리버엔터테인먼트
2458,아인텔레서비스
2459,휘닉스평창
2460,호반호텔앤리조트
2461,보람상조라이프
2462,지엠컴
2463,신한아이타스
2464,제일비엠시
2465,포스텍
2466,엠즈씨드
2467,키스템프그룹
2468,코엔스
2469,시너지컨설팅
2470,파라다이스호텔부산
2471,한국파파존스
2472,캡스텍
2473,주렁주렁
2474,나이스신용정보
2475,커브스코리아
2476,미디어포스얼라이언스
2477,하이모
2478,뽀로로파크
2479,씨에스리더
2480,피에스아이컨설팅
2481,신안종합리조트 웰리힐리파크
2482,코리아크레딧뷰로
2483,다날에프엔비
2484,더맨
2485,인트로맨
2486,아난티
2487,오알피연구소
2488,이씨엠디
2489,성균관대학교 산학협력단
2490,한국경영원
2491,원마운트
2492,동양이엠에스
2493,웅진플레이도시
2494,블루원
2495,플레이스엠
2496,서울신용평가정보
2497,에이에스티
2498,유끼커뮤니케이션
2499,투어이천
2500,휴먼코아
2501,에이치엔씨네트워크
2502,현대엔지비
